loop,time,pressure
0,0.10873627662658691,34
1,2.4729368686676025,37
2,3.506115674972534,36
3,4.5224609375,37
4,5.539064168930054,36
5,6.556107521057129,36
6,7.572882413864136,36
7,8.589600324630737,37
8,9.620194673538208,37
9,10.650924921035767,37
10,11.655341148376465,37
11,12.678116083145142,37
13,14.705836772918701,37
